{
  "version": "1.0",
  "preprocessing": {
    "sr": 16000,
    "hop_length": 512,
    "n_bins": 88,
    "target_frames": 500,
    "fmin": 27.5,
    "bins_per_octave": 12,
    "min_midi": 21,
    "max_midi": 108,
    "cqt_ref_db": -80,
    "cqt_range_db": 80,
    "cnn_downsample_factor": 4,
    "expected_output_frames": 125
  },
  "architecture": {
    "pitch_model": {
      "class": "EnhancedHum2MelodyModel",
      "n_bins": 88,
      "hidden_size": 256
    },
    "onset_model": {
      "class": "EnhancedOnsetOffsetModel",
      "n_bins": 88,
      "hidden_size": 256
    }
  },
  "training_info": {
    "pitch_model": {
      "epoch": 48,
      "best_f1": 0.41729431157150565,
      "train_metrics": {
        "total": 0.10025511838638099,
        "frame": 0.0015839911214295466,
        "onset": 7.500721065861405,
        "offset": 0.0,
        "f0": 0.09745097663372186,
        "mono": 0.061007524609186084,
        "frame_f1": 0.8032385365845893,
        "onset_f1": 0.0002084583024171128,
        "offset_f1": 0.0002707950989342904,
        "f0_mae": 0.026615073555149138,
        "pitch_acc": 0.329578125
      },
      "val_metrics": {
        "frame": 0.0012960746341074507,
        "onset": 9.155365784962973,
        "offset": 0.0,
        "f0": 0.0934692629509502,
        "mono": 0.04737370813058482,
        "total": 0.0957128115826183,
        "frame_f1": 0.8372492274883222,
        "onset_f1": 0.00030010198891300746,
        "offset_f1": 0.000336894396487293,
        "f0_mae": 0.009632323402911425,
        "pitch_acc": 0.3584657407407408
      }
    },
    "onset_model": {
      "epoch": 45,
      "best_f1": null,
      "train_metrics": {},
      "val_metrics": {
        "onset": 0.5709891642842974,
        "offset": 0.6327075907162257,
        "consistency": 0.14393162727355957,
        "pairing": 0.565024083001273,
        "total": 4.795712927409581,
        "onset_f1": 0.32067191112091514,
        "offset_f1": 0.30955234925170894
      }
    }
  },
  "source_checkpoints": {
    "pitch": "checkpoints_fixed_data/best_model_with_metadata.pth",
    "onset": "checkpoints_enhanced_onset/best_model.pth"
  },
  "file_size_mb": 134.0311803817749
}